--
-- Tests for DELETE clause
--
CREATE EXTENSION IF NOT EXISTS "babelfishpg_tsql";
NOTICE:  extension "babelfishpg_tsql" already exists, skipping
-- Negative cases when using postgres dialect
RESET babelfishpg_tsql.sql_dialect;
SHOW babelfishpg_tsql.sql_dialect;
 babelfishpg_tsql.sql_dialect 
------------------------------
 postgres
(1 row)

CREATE TABLE delete_test_tbl (
    age int,
    fname char(10),
    lname char(10),
    city nchar(20)
);
INSERT INTO delete_test_tbl(age, fname, lname, city) 
VALUES  (50, 'fname1', 'lname1', 'london'),
        (34, 'fname2', 'lname2', 'paris'),
        (35, 'fname3', 'lname3', 'brussels'),
        (90, 'fname4', 'lname4', 'new york'),
        (26, 'fname5', 'lname5', 'los angeles'),
        (74, 'fname6', 'lname6', 'tokyo'),
        (44, 'fname7', 'lname7', 'oslo'),
        (19, 'fname8', 'lname8', 'hong kong'),
        (61, 'fname9', 'lname9', 'shanghai'),
        (29, 'fname10', 'lname10', 'mumbai');
SELECT * FROM delete_test_tbl;
 age |   fname    |   lname    |         city         
-----+------------+------------+----------------------
  50 | fname1     | lname1     | london              
  34 | fname2     | lname2     | paris               
  35 | fname3     | lname3     | brussels            
  90 | fname4     | lname4     | new york            
  26 | fname5     | lname5     | los angeles         
  74 | fname6     | lname6     | tokyo               
  44 | fname7     | lname7     | oslo                
  19 | fname8     | lname8     | hong kong           
  61 | fname9     | lname9     | shanghai            
  29 | fname10    | lname10    | mumbai              
(10 rows)

\set ON_ERROR_STOP 0
DELETE delete_test_tbl;
ERROR:  syntax error at or near "delete_test_tbl"
LINE 1: DELETE delete_test_tbl;
               ^
-- Positive cases when using tsql dialect
SET babelfishpg_tsql.sql_dialect = "tsql";
SHOW babelfishpg_tsql.sql_dialect;
 babelfishpg_tsql.sql_dialect 
------------------------------
 tsql
(1 row)

\set ON_ERROR_STOP 1
-- Prove that a user may delete rows from a table without using the FROM clause
SELECT * FROM delete_test_tbl;
 age |   fname    |   lname    |         city         
-----+------------+------------+----------------------
  50 | fname1     | lname1     | london              
  34 | fname2     | lname2     | paris               
  35 | fname3     | lname3     | brussels            
  90 | fname4     | lname4     | new york            
  26 | fname5     | lname5     | los angeles         
  74 | fname6     | lname6     | tokyo               
  44 | fname7     | lname7     | oslo                
  19 | fname8     | lname8     | hong kong           
  61 | fname9     | lname9     | shanghai            
  29 | fname10    | lname10    | mumbai              
(10 rows)

-- Test that that WHERE clause can be used without FROM
DELETE delete_test_tbl WHERE city='hong kong';
SELECT * FROM delete_test_tbl;
 age |   fname    |   lname    |         city         
-----+------------+------------+----------------------
  50 | fname1     | lname1     | london              
  34 | fname2     | lname2     | paris               
  35 | fname3     | lname3     | brussels            
  90 | fname4     | lname4     | new york            
  26 | fname5     | lname5     | los angeles         
  74 | fname6     | lname6     | tokyo               
  44 | fname7     | lname7     | oslo                
  61 | fname9     | lname9     | shanghai            
  29 | fname10    | lname10    | mumbai              
(9 rows)

DELETE delete_test_tbl WHERE age > 50;
SELECT * FROM delete_test_tbl;
 age |   fname    |   lname    |         city         
-----+------------+------------+----------------------
  50 | fname1     | lname1     | london              
  34 | fname2     | lname2     | paris               
  35 | fname3     | lname3     | brussels            
  26 | fname5     | lname5     | los angeles         
  44 | fname7     | lname7     | oslo                
  29 | fname10    | lname10    | mumbai              
(6 rows)

DELETE delete_test_tbl WHERE fname IN ('fname1', 'fname2');
SELECT * FROM delete_test_tbl;
 age |   fname    |   lname    |         city         
-----+------------+------------+----------------------
  35 | fname3     | lname3     | brussels            
  26 | fname5     | lname5     | los angeles         
  44 | fname7     | lname7     | oslo                
  29 | fname10    | lname10    | mumbai              
(4 rows)

-- Test that DELETE works without any other clauses
DELETE delete_test_tbl;
SELECT * FROM delete_test_tbl;
 age | fname | lname | city 
-----+-------+-------+------
(0 rows)

-- Test delete for joined table
CREATE TABLE delete_test_tbl2 (
    age int,
    fname char(10),
    lname char(10),
    city nchar(20)
);
INSERT INTO delete_test_tbl2(age, fname, lname, city)
VALUES  (50, 'fname1', 'lname1', 'london'),
        (34, 'fname2', 'lname2', 'paris'),
        (50, 'fname3', 'lname3', 'brussels'),
        (90, 'fname4', 'lname4', 'new york'),
        (26, 'fname5', 'lname5', 'los angeles'),
        (74, 'fname6', 'lname6', 'tokyo'),
        (44, 'fname7', 'lname7', 'oslo'),
        (19, 'fname8', 'lname8', 'hong kong'),
        (61, 'fname9', 'lname9', 'shanghai'),
        (29, 'fname10', 'lname10', 'mumbai');
CREATE TABLE delete_test_tbl3 (
    year int,
    lname char(10),
);
INSERT INTO delete_test_tbl3(year, lname)
VALUES  (51, 'lname1'),
        (34, 'lname3'),
        (25, 'lname8'),
        (95, 'lname9'),
        (36, 'lname10');
CREATE TABLE delete_test_tbl4 (
    lname char(10),
    city char(10),
);
INSERT INTO delete_test_tbl4(lname, city)
VALUES  ('lname8','london'),
        ('lname9','tokyo'),
        ('lname10','mumbai');
SELECT * FROM delete_test_tbl2 ORDER BY lname;
 age |   fname    |   lname    |         city         
-----+------------+------------+----------------------
  50 | fname1     | lname1     | london              
  29 | fname10    | lname10    | mumbai              
  34 | fname2     | lname2     | paris               
  50 | fname3     | lname3     | brussels            
  90 | fname4     | lname4     | new york            
  26 | fname5     | lname5     | los angeles         
  74 | fname6     | lname6     | tokyo               
  44 | fname7     | lname7     | oslo                
  19 | fname8     | lname8     | hong kong           
  61 | fname9     | lname9     | shanghai            
(10 rows)

SELECT * FROM delete_test_tbl3 ORDER BY lname;
 year |   lname    
------+------------
   51 | lname1    
   36 | lname10   
   34 | lname3    
   25 | lname8    
   95 | lname9    
(5 rows)

SELECT * FROM delete_test_tbl4 ORDER BY lname;
   lname    |    city    
------------+------------
 lname10    | mumbai    
 lname8     | london    
 lname9     | tokyo     
(3 rows)

DELETE delete_test_tbl2
FROM delete_test_tbl2 t2
INNER JOIN delete_test_tbl3 t3
ON t2.lname = t3.lname
WHERE year > 50;
SELECT * FROM delete_test_tbl2 ORDER BY lname;
 age |   fname    |   lname    |         city         
-----+------------+------------+----------------------
  29 | fname10    | lname10    | mumbai              
  34 | fname2     | lname2     | paris               
  50 | fname3     | lname3     | brussels            
  90 | fname4     | lname4     | new york            
  26 | fname5     | lname5     | los angeles         
  74 | fname6     | lname6     | tokyo               
  44 | fname7     | lname7     | oslo                
  19 | fname8     | lname8     | hong kong           
(8 rows)

DELETE delete_test_tbl2
FROM delete_test_tbl3 t3
LEFT JOIN delete_test_tbl2 t2
ON t2.lname = t3.lname
WHERE t3.year < 30 AND t2.age > 40;
SELECT * FROM delete_test_tbl2 ORDER BY lname;
 age |   fname    |   lname    |         city         
-----+------------+------------+----------------------
  29 | fname10    | lname10    | mumbai              
  34 | fname2     | lname2     | paris               
  50 | fname3     | lname3     | brussels            
  90 | fname4     | lname4     | new york            
  26 | fname5     | lname5     | los angeles         
  74 | fname6     | lname6     | tokyo               
  44 | fname7     | lname7     | oslo                
  19 | fname8     | lname8     | hong kong           
(8 rows)

-- delete with outer join on multiple tables
DELETE delete_test_tbl2
FROM delete_test_tbl4 t4
LEFT JOIN delete_test_tbl2 t2
ON t4.city = t2.city
LEFT JOIN delete_test_tbl3 t3
ON t2.lname = t3.lname
WHERE t4.city = 'mumbai';
SELECT * FROM delete_test_tbl2 ORDER BY lname;
 age |   fname    |   lname    |         city         
-----+------------+------------+----------------------
  34 | fname2     | lname2     | paris               
  50 | fname3     | lname3     | brussels            
  90 | fname4     | lname4     | new york            
  26 | fname5     | lname5     | los angeles         
  74 | fname6     | lname6     | tokyo               
  44 | fname7     | lname7     | oslo                
  19 | fname8     | lname8     | hong kong           
(7 rows)

-- delete when target table not shown in JoinExpr
DELETE delete_test_tbl2
FROM delete_test_tbl4 t4
LEFT JOIN delete_test_tbl3 t3
ON t3.lname = t4.lname
WHERE t4.city = 'mumbai';
SELECT * FROM delete_test_tbl2 ORDER BY lname;
 age | fname | lname | city 
-----+-------+-------+------
(0 rows)

-- delete with self join
DELETE delete_test_tbl3
FROM delete_test_tbl3 t1
INNER JOIN delete_test_tbl3 t2
on t1.lname = t2.lname;
SELECT * FROM delete_test_tbl3 ORDER BY lname;
 year | lname 
------+-------
(0 rows)

DELETE delete_test_tbl2
FROM delete_test_tbl2 c
JOIN
(SELECT lname, fname, age from delete_test_tbl2) b
on b.lname = c.lname
JOIN
(SELECT lname, city, age from delete_test_tbl2) a
on a.city = c.city;
SELECT * FROM delete_test_tbl2 ORDER BY lname;
 age | fname | lname | city 
-----+-------+-------+------
(0 rows)

DELETE delete_test_tbl4
FROM
(SELECT lname, city from delete_test_tbl4) b
JOIN
(SELECT lname from delete_test_tbl4) a
on a.lname = b.lname;
SELECT * FROM delete_test_tbl4 ORDER BY lname;
 lname | city 
-------+------
(0 rows)

DROP TABLE delete_test_tbl;
DROP TABLE delete_test_tbl2;
DROP TABLE delete_test_tbl3;
DROP TABLE delete_test_tbl4;
