SET babelfishpg_tsql.sql_dialect = 'tsql';
-- setup
drop table TxnTable;
ERROR:  table "txntable" does not exist
create table TxnTable(c1 int);
-- Begin transaction -> commit transaction
begin transaction;
select @@trancount;
 trancount 
-----------
         1
(1 row)

begin transaction;
select @@trancount;
 trancount 
-----------
         2
(1 row)

set transaction isolation level read committed;
show transaction_isolation;
 transaction_isolation 
-----------------------
 read committed
(1 row)

show default_transaction_isolation;
 default_transaction_isolation 
-------------------------------
 read committed
(1 row)

insert into TxnTable values(1);
commit transaction;
select @@trancount;
 trancount 
-----------
         1
(1 row)

commit transaction;
select @@trancount;
 trancount 
-----------
         0
(1 row)

select c1 from TxnTable;
 c1 
----
  1
(1 row)

-- Begin transaction -> rollback transaction
begin transaction;
insert into TxnTable values(2);
rollback transaction;
select c1 from TxnTable;
 c1 
----
  1
(1 row)

-- Begin tran -> commit tran
begin tran;
insert into TxnTable values(2);
commit tran;
select c1 from TxnTable;
 c1 
----
  1
  2
(2 rows)

-- Begin tran -> rollback tran
begin tran;
select @@trancount;
 trancount 
-----------
         1
(1 row)

begin tran;
set transaction isolation level read uncommitted;
show transaction_isolation;
 transaction_isolation 
-----------------------
 read committed
(1 row)

show default_transaction_isolation;
 default_transaction_isolation 
-------------------------------
 read uncommitted
(1 row)

insert into TxnTable values(3);
select @@trancount;
 trancount 
-----------
         2
(1 row)

rollback tran;
select @@trancount;
 trancount 
-----------
         0
(1 row)

select c1 from TxnTable;
 c1 
----
  1
  2
(2 rows)

set transaction isolation level repeatable read;
ERROR:  REPEATABLE READ isolation level is not supported
LINE 1: set transaction isolation level repeatable read;
                                        ^
show transaction_isolation;
 transaction_isolation 
-----------------------
 read committed
(1 row)

show default_transaction_isolation;
 default_transaction_isolation 
-------------------------------
 read committed
(1 row)

-- Begin transaction -> commit
begin transaction;
insert into TxnTable values(4);
commit;
select c1 from TxnTable;
 c1 
----
  1
  2
  4
(3 rows)

-- Begin transaction -> commit work
begin transaction;
insert into TxnTable values(5);
commit work;
select c1 from TxnTable;
 c1 
----
  1
  2
  4
  5
(4 rows)

-- Begin transaction -> rollback
begin transaction;
insert into TxnTable values(6);
rollback;
select c1 from TxnTable;
 c1 
----
  1
  2
  4
  5
(4 rows)

-- Begin transaction -> rollback work
begin transaction;
insert into TxnTable values(7);
rollback work;
select c1 from TxnTable;
 c1 
----
  1
  2
  4
  5
(4 rows)

-- Begin transaction name -> commit transaction name
begin transaction txn1;
insert into TxnTable values(8);
commit transaction txn1;
select c1 from TxnTable;
 c1 
----
  1
  2
  4
  5
  8
(5 rows)

-- Begin transaction name -> rollback transaction name
begin transaction txn1;
insert into TxnTable values(9);
rollback transaction txn1;
select c1 from TxnTable;
 c1 
----
  1
  2
  4
  5
  8
(5 rows)

-- Begin tran name -> commit tran name
begin tran txn1;
insert into TxnTable values(10);
commit tran txn1;
select c1 from TxnTable;
 c1 
----
  1
  2
  4
  5
  8
 10
(6 rows)

-- Begin tran name -> rollback tran name
begin tran txn1;
insert into TxnTable values(10);
rollback tran txn1;
select c1 from TxnTable;
 c1 
----
  1
  2
  4
  5
  8
 10
(6 rows)

truncate table TxnTable;
-- save tran name -> rollback tran name
set transaction isolation level snapshot;
show transaction_isolation;
 transaction_isolation 
-----------------------
 repeatable read
(1 row)

show default_transaction_isolation;
 default_transaction_isolation 
-------------------------------
 repeatable read
(1 row)

begin transaction txn1;
insert into TxnTable values(1);
save transaction sp1;
select @@trancount;
 trancount 
-----------
         1
(1 row)

insert into TxnTable values(2);
save tran sp2;
insert into TxnTable values(3);
save tran sp2;
select @@trancount;
 trancount 
-----------
         1
(1 row)

insert into TxnTable values(4);
select c1 from TxnTable;
 c1 
----
  1
  2
  3
  4
(4 rows)

rollback tran sp2;
select @@trancount;
 trancount 
-----------
         1
(1 row)

select c1 from TxnTable;
 c1 
----
  1
  2
  3
(3 rows)

rollback tran sp2;
select @@trancount;
 trancount 
-----------
         1
(1 row)

select c1 from TxnTable;
 c1 
----
  1
  2
(2 rows)

rollback tran sp1;
select @@trancount;
 trancount 
-----------
         1
(1 row)

select c1 from TxnTable;
 c1 
----
  1
(1 row)

rollback tran txn1;
select @@trancount;
 trancount 
-----------
         0
(1 row)

select c1 from TxnTable;
 c1 
----
(0 rows)

-- begin transaction name -> save transaction name -> rollback to first
-- savepoint
begin transaction txn1;
insert into TxnTable values(1);
save transaction sp1;
insert into TxnTable values(2);
save transaction sp2;
insert into TxnTable values(3);
save transaction sp3;
insert into TxnTable values(4);
rollback tran sp1;
rollback tran sp1;
ERROR:  savepoint "sp1" does not exist
rollback tran;
select c1 from TxnTable;
 c1 
----
(0 rows)

-- begin transaction name -> save transaction name -> rollback tran name
-- Rollback whole transaction
set transaction isolation level serializable;
ERROR:  SERIALIZABLE isolation level is not supported
LINE 1: set transaction isolation level serializable;
                                        ^
show transaction_isolation;
 transaction_isolation 
-----------------------
 repeatable read
(1 row)

show default_transaction_isolation;
 default_transaction_isolation 
-------------------------------
 repeatable read
(1 row)

begin transaction txn1;
insert into TxnTable values(1);
save transaction sp1;
begin transaction txn1;
insert into TxnTable values(2);
save transaction sp1;
insert into TxnTable values(3);
select @@trancount;
 trancount 
-----------
         2
(1 row)

rollback tran txn1;
select @@trancount;
 trancount 
-----------
         0
(1 row)

select c1 from TxnTable;
 c1 
----
(0 rows)

-- begin transaction -> save transaction name -> rollback to savepoint
-- commit transaction
begin transaction txn1;
insert into TxnTable values(1);
save transaction sp1;
insert into TxnTable values(2);
select c1 from TxnTable;
 c1 
----
  1
  2
(2 rows)

rollback tran sp1;
commit transaction;
select c1 from TxnTable;
 c1 
----
  1
(1 row)

-- begin transaction -> save transaction name -> rollback to savepoint
-- save transaction name -> commit transaction
begin transaction txn1;
insert into TxnTable values(3);
save transaction sp1;
insert into TxnTable values(4);
select c1 from TxnTable;
 c1 
----
  1
  3
  4
(3 rows)

rollback tran sp1;
save transaction sp2;
insert into TxnTable values(5);
commit transaction;
select c1 from TxnTable;
 c1 
----
  1
  3
  5
(3 rows)

-- begin transaction -> save transaction name -> error -> rollback to savepoint
-- commit transaction
begin transaction txn1;
insert into TxnTable values(6);
save transaction sp1;
insert into TxnTable values(7);
select c1 frm TxnTable;
ERROR:  syntax error at or near "TxnTable"
LINE 1: select c1 frm TxnTable;
                      ^
rollback tran sp1;
commit transaction;
select c1 from TxnTable;
 c1 
----
  1
  3
  5
  6
(4 rows)

-- create and execute procedure with transaction commands
-- \tsql on
-- create procedure txnproc as
-- begin tran;
-- insert into TxnTable values(8);
-- select c1 from TxnTable;
-- save tran sp1;
-- commit;
-- rollback tran;
-- go
-- execute txnproc;
-- go
-- \tsql off
-- drop procedure txnproc;
-- transaction syntax error
begin;
ERROR:  syntax error at or near ";"
LINE 1: begin;
             ^
begin txn1;
ERROR:  syntax error at or near "txn1"
LINE 1: begin txn1;
              ^
commit txn1;
ERROR:  syntax error at or near "txn1"
LINE 1: commit txn1;
               ^
rollback txx1;
ERROR:  syntax error at or near "txx1"
LINE 1: rollback txx1;
                 ^
-- invalid transaction name
begin transaction txn1;
rollback transaction txn2;
ERROR:  savepoint "txn2" does not exist
rollback;
drop table TxnTable;
reset babelfish_pg_tsql.sql_dialect;
